<?xml version="1.0" encoding="UTF-8"?>
<GenRun Id="impl_1" LaunchPart="xc7a100tcsg324-1" LaunchTime="1710864575">
  <File Type="ROUTE-PWR" Name="ES_DCMotor_Main_power_routed.rpt"/>
  <File Type="PA-TCL" Name="ES_DCMotor_Main.tcl"/>
  <File Type="ROUTE-PWR-SUM" Name="ES_DCMotor_Main_power_summary_routed.pb"/>
  <File Type="REPORTS-TCL" Name="ES_DCMotor_Main_reports.tcl"/>
  <File Type="BITSTR-MSK" Name="ES_DCMotor_Main.msk"/>
  <File Type="ROUTE-CLK" Name="ES_DCMotor_Main_clock_utilization_routed.rpt"/>
  <File Type="RDI-RDI" Name="ES_DCMotor_Main.vdi"/>
  <File Type="POSTROUTE-PHYSOPT-BUS-SKEW-PB" Name="ES_DCMotor_Main_bus_skew_postroute_physopted.pb"/>
  <File Type="BG-BIT" Name="ES_DCMotor_Main.bit"/>
  <File Type="BG-DRC" Name="ES_DCMotor_Main.drc"/>
  <File Type="BG-BGN" Name="ES_DCMotor_Main.bgn"/>
  <File Type="BG-BIN" Name="ES_DCMotor_Main.bin"/>
  <File Type="BITSTR-RBT" Name="ES_DCMotor_Main.rbt"/>
  <File Type="BITSTR-NKY" Name="ES_DCMotor_Main.nky"/>
  <File Type="BITSTR-BMM" Name="ES_DCMotor_Main_bd.bmm"/>
  <File Type="BITSTR-MMI" Name="ES_DCMotor_Main.mmi"/>
  <File Type="ROUTE-METHODOLOGY-DRC" Name="ES_DCMotor_Main_methodology_drc_routed.rpt"/>
  <File Type="BITSTR-SYSDEF" Name="ES_DCMotor_Main.sysdef"/>
  <File Type="BITSTR-LTX" Name="debug_nets.ltx"/>
  <File Type="BITSTR-LTX" Name="ES_DCMotor_Main.ltx"/>
  <File Type="WBT-USG" Name="usage_statistics_webtalk.html"/>
  <File Type="OPT-DRC" Name="ES_DCMotor_Main_drc_opted.rpt"/>
  <File Type="OPT-HWDEF" Name="ES_DCMotor_Main.hwdef"/>
  <File Type="PLACE-IO" Name="ES_DCMotor_Main_io_placed.rpt"/>
  <File Type="PLACE-UTIL" Name="ES_DCMotor_Main_utilization_placed.rpt"/>
  <File Type="PLACE-UTIL-PB" Name="ES_DCMotor_Main_utilization_placed.pb"/>
  <File Type="PLACE-CTRL" Name="ES_DCMotor_Main_control_sets_placed.rpt"/>
  <File Type="PLACE-PRE-SIMILARITY" Name="ES_DCMotor_Main_incremental_reuse_pre_placed.rpt"/>
  <File Type="ROUTE-DRC" Name="ES_DCMotor_Main_drc_routed.rpt"/>
  <File Type="ROUTE-DRC-PB" Name="ES_DCMotor_Main_drc_routed.pb"/>
  <File Type="ROUTE-PWR-RPX" Name="ES_DCMotor_Main_power_routed.rpx"/>
  <File Type="ROUTE-STATUS" Name="ES_DCMotor_Main_route_status.rpt"/>
  <File Type="ROUTE-STATUS-PB" Name="ES_DCMotor_Main_route_status.pb"/>
  <File Type="ROUTE-DCP" Name="ES_DCMotor_Main_routed.dcp"/>
  <File Type="ROUTE-ERROR-DCP" Name="ES_DCMotor_Main_routed_error.dcp"/>
  <File Type="ROUTE-BLACKBOX-DCP" Name="ES_DCMotor_Main_routed_bb.dcp"/>
  <File Type="ROUTE-TIMINGSUMMARY" Name="ES_DCMotor_Main_timing_summary_routed.rpt"/>
  <File Type="ROUTE-TIMING-PB" Name="ES_DCMotor_Main_timing_summary_routed.pb"/>
  <File Type="ROUTE-TIMING-RPX" Name="ES_DCMotor_Main_timing_summary_routed.rpx"/>
  <File Type="ROUTE-SIMILARITY" Name="ES_DCMotor_Main_incremental_reuse_routed.rpt"/>
  <File Type="ROUTE-BUS-SKEW" Name="ES_DCMotor_Main_bus_skew_routed.rpt"/>
  <File Type="ROUTE-BUS-SKEW-PB" Name="ES_DCMotor_Main_bus_skew_routed.pb"/>
  <File Type="ROUTE-BUS-SKEW-RPX" Name="ES_DCMotor_Main_bus_skew_routed.rpx"/>
  <File Type="OPT-DCP" Name="ES_DCMotor_Main_opt.dcp"/>
  <File Type="PLACE-DCP" Name="ES_DCMotor_Main_placed.dcp"/>
  <File Type="PWROPT-DCP" Name="ES_DCMotor_Main_pwropt.dcp"/>
  <File Type="POSTPLACE-PWROPT-DCP" Name="ES_DCMotor_Main_postplace_pwropt.dcp"/>
  <File Type="PHYSOPT-DCP" Name="ES_DCMotor_Main_physopt.dcp"/>
  <File Type="POSTROUTE-PHYSOPT-DCP" Name="ES_DCMotor_Main_postroute_physopt.dcp"/>
  <File Type="POSTROUTE-PHYSOPT-BLACKBOX-DCP" Name="ES_DCMotor_Main_postroute_physopt_bb.dcp"/>
  <File Type="POSTROUTE-PHYSOPT-TIMING" Name="ES_DCMotor_Main_timing_summary_postroute_physopted.rpt"/>
  <File Type="POSTROUTE-PHYSOPT-TIMING-PB" Name="ES_DCMotor_Main_timing_summary_postroute_physopted.pb"/>
  <File Type="POSTROUTE-PHYSOPT-TIMING-RPX" Name="ES_DCMotor_Main_timing_summary_postroute_physopted.rpx"/>
  <File Type="POSTROUTE-PHYSOPT-BUS-SKEW" Name="ES_DCMotor_Main_bus_skew_postroute_physopted.rpt"/>
  <File Type="POSTROUTE-PHYSOPT-BUS-SKEW-RPX" Name="ES_DCMotor_Main_bus_skew_postroute_physopted.rpx"/>
  <File Type="ROUTE-METHODOLOGY-DRC-PB" Name="ES_DCMotor_Main_methodology_drc_routed.pb"/>
  <File Type="ROUTE-DRC-RPX" Name="ES_DCMotor_Main_drc_routed.rpx"/>
  <File Type="ROUTE-METHODOLOGY-DRC-RPX" Name="ES_DCMotor_Main_methodology_drc_routed.rpx"/>
  <File Type="PDI-FILE" Name="ES_DCMotor_Main.pdi"/>
  <File Type="RCFI_FILE" Name="ES_DCMotor_Main.rcfi"/>
  <File Type="CFI_FILE" Name="ES_DCMotor_Main.cfi"/>
  <File Type="RNPI_FILE" Name="ES_DCMotor_Main.rnpi"/>
  <File Type="NPI_FILE" Name="ES_DCMotor_Main.npi"/>
  <File Type="RBD_FILE" Name="ES_DCMotor_Main.rbd"/>
  <FileSet Name="sources" Type="DesignSrcs" RelSrcDir="$PSRCDIR/sources_1" RelGenDir="$PGENDIR/sources_1">
    <Filter Type="Srcs"/>
    <File Path="$PSRCDIR/sources_1/new/clockdriver.vhd">
      <FileInfo>
        <Attr Name="UsedIn" Val="synthesis"/>
        <Attr Name="UsedIn" Val="simulation"/>
      </FileInfo>
    </File>
    <File Path="$PSRCDIR/sources_1/new/pwm.vhd">
      <FileInfo>
        <Attr Name="UsedIn" Val="synthesis"/>
        <Attr Name="UsedIn" Val="simulation"/>
      </FileInfo>
    </File>
    <File Path="$PSRCDIR/sources_1/new/ES_DCMotor_Main.vhd">
      <FileInfo>
        <Attr Name="UsedIn" Val="synthesis"/>
        <Attr Name="UsedIn" Val="simulation"/>
      </FileInfo>
    </File>
    <Config>
      <Option Name="DesignMode" Val="RTL"/>
      <Option Name="TopModule" Val="ES_DCMotor_Main"/>
      <Option Name="TopAutoSet" Val="TRUE"/>
    </Config>
  </FileSet>
  <FileSet Name="constrs_in" Type="Constrs" RelSrcDir="$PSRCDIR/constrs_1">
    <Filter Type="Constrs"/>
    <File Path="$PSRCDIR/constrs_1/new/ES_Nexys4_Constrains.xdc">
      <FileInfo>
        <Attr Name="UsedIn" Val="synthesis"/>
        <Attr Name="UsedIn" Val="implementation"/>
      </FileInfo>
    </File>
    <Config>
      <Option Name="ConstrsType" Val="XDC"/>
    </Config>
  </FileSet>
  <FileSet Name="utils" Type="Utils" RelSrcDir="$PSRCDIR/utils_1">
    <Filter Type="Utils"/>
    <Config>
      <Option Name="TopAutoSet" Val="TRUE"/>
    </Config>
  </FileSet>
  <Strategy Version="1" Minor="2">
    <StratHandle Name="Vivado Implementation Defaults" Flow="Vivado Implementation 2020"/>
    <Step Id="init_design"/>
    <Step Id="opt_design"/>
    <Step Id="power_opt_design"/>
    <Step Id="place_design"/>
    <Step Id="post_place_power_opt_design"/>
    <Step Id="phys_opt_design"/>
    <Step Id="route_design"/>
    <Step Id="post_route_phys_opt_design"/>
    <Step Id="write_bitstream"/>
    <Step Id="write_device_image"/>
  </Strategy>
</GenRun>
